<keymap version="1" name="Windows copy" parent="$default">
  <action id="CommentByLineComment">
    <keyboard-shortcut first-keystroke="ctrl divide" />
    <keyboard-shortcut first-keystroke="shift alt a" />
  </action>
  <action id="SplitVertically">
    <keyboard-shortcut first-keystroke="shift alt o" />
  </action>
  <action id="SurroundWith">
    <keyboard-shortcut first-keystroke="alt w" />
  </action>
  <action id="Vcs.Log.ShowAllAffected" />
  <action id="VcsHistory.ShowAllAffected" />
</keymap>