<keymap version="1" name="Windows copy Proper Redo" parent="$default">
  <action id="$Redo">
    <keyboard-shortcut first-keystroke="shift ctrl z" />
    <keyboard-shortcut first-keystroke="shift alt back_space" />
    <keyboard-shortcut first-keystroke="ctrl y" />
  </action>
  <action id="CommentByLineComment">
    <keyboard-shortcut first-keystroke="ctrl divide" />
    <keyboard-shortcut first-keystroke="shift alt a" />
  </action>
  <action id="EditorDeleteLine" />
  <action id="OpenInBrowser">
    <keyboard-shortcut first-keystroke="ctrl alt o" />
  </action>
  <action id="OptimizeImports" />
  <action id="SplitVertically">
    <keyboard-shortcut first-keystroke="shift alt o" />
  </action>
  <action id="SurroundWith">
    <keyboard-shortcut first-keystroke="alt w" />
  </action>
  <action id="UsageGrouping.FlattenModules" />
  <action id="Vcs.Log.ShowAllAffected" />
  <action id="VcsHistory.ShowAllAffected" />
</keymap>